timestamp,mean_temp,temp_std,max_temp_rate,min_temp_rate,block
1635111356.0,29.116333333333333,0.009278574999588268,0.010000000000001563,0.0,1.0
1635111363.5,29.140333333333327,0.009643054793327808,0.010000000000001563,-0.010000000000001563,1.0
1635111371.0,29.158999999999992,0.009595257449243881,0.010000000000001563,-0.010000000000001563,1.0
1635111378.5,29.169999999999995,7.226896453227138e-15,0.0,0.0,1.0
1635111386.0,29.173666666666676,0.007648904962570362,0.010000000000001563,0.0,1.0
1635111393.5,29.174000000000003,0.0077013209793893285,0.010000000000001563,-0.010000000000001563,1.0
1635111401.0,29.190000000000012,1.0840344679840707e-14,0.0,0.0,1.0
1635111408.5,29.190000000000012,1.0840344679840707e-14,0.0,0.0,1.0
1635111416.0,29.190000000000012,1.0840344679840707e-14,0.0,0.0,1.0
1635111423.5,29.190000000000012,1.0840344679840707e-14,0.0,0.0,1.0
1635111431.0,29.19900000000001,0.009595257449242197,0.010000000000001563,-0.010000000000001563,1.0
1635111438.5,29.210000000000004,3.613448226613569e-15,0.0,0.0,1.0
1635111446.0,29.190333333333346,0.001825741858350839,0.0,-0.010000000000001563,1.0
1635111453.5,29.190000000000012,1.0840344679840707e-14,0.0,0.0,1.0
1635111461.0,29.204333333333345,0.008583598366625471,0.010000000000001563,-0.010000000000001563,1.0
1635111468.5,29.210000000000004,3.613448226613569e-15,0.0,0.0,1.0
1635111476.0,29.210000000000004,3.613448226613569e-15,0.0,0.0,1.0
1635111483.5,29.22833333333334,0.005306686305052307,0.010000000000001563,0.0,1.0
1635111491.0,29.22633333333334,0.007648904962570464,0.0,-0.010000000000001563,1.0
1635111498.5,29.210000000000004,3.613448226613569e-15,0.0,0.0,1.0
1635111506.0,29.21633333333334,0.009278574999588266,0.010000000000001563,0.0,1.0
1635111513.5,29.230000000000004,3.613448226613569e-15,0.0,0.0,1.0
1635111521.0,29.230000000000004,3.613448226613569e-15,0.0,0.0,1.0
1635111528.5,29.230000000000004,3.613448226613569e-15,0.0,0.0,1.0
1635111536.0,29.241666666666667,0.009855274566525525,0.010000000000001563,0.0,1.0
1635111543.5,29.25,0.0,0.0,0.0,1.0
1635111551.0,29.25,0.0,0.0,0.0,1.0
1635111558.5,29.25,0.0,0.0,0.0,1.0
1635111566.0,29.25,0.0,0.0,0.0,1.0
1635111573.5,29.25,0.0,0.0,0.0,1.0
1635111581.0,29.258999999999993,0.009948141396330018,0.010000000000001563,0.0,1.0
1635111588.5,29.269999999999996,3.613448226613569e-15,0.0,0.0,1.0
1635111596.0,29.275333333333325,0.008603661343041408,0.010000000000001563,-0.010000000000001563,1.0
1635111603.5,29.269999999999996,3.613448226613569e-15,0.0,0.0,1.0
1635111611.0,29.269999999999996,3.613448226613569e-15,0.0,0.0,1.0
1635111618.5,29.277666666666658,0.009714309861845578,0.010000000000001563,0.0,1.0
1635111626.0,29.287333333333326,0.006396838299494642,0.010000000000001563,-0.010000000000001563,1.0
1635111633.5,29.289999999999996,3.613448226613569e-15,0.0,0.0,1.0
1635111641.0,29.293666666666656,0.007183954022841065,0.010000000000001563,-0.010000000000001563,1.0
1635111648.5,29.294333333333324,0.00817200154156855,0.0,-0.010000000000001563,1.0
1635111656.0,29.293666666666656,0.007183954022841065,0.010000000000001563,-0.010000000000001563,1.0
1635111663.5,29.309999999999988,1.0840344679840707e-14,0.0,0.0,1.0
1635111671.0,29.309999999999988,1.0840344679840707e-14,0.0,0.0,1.0
1635111678.5,29.312333333333335,0.006260623155792868,0.010000000000001563,0.0,1.0
1635111686.0,29.312999999999988,0.007022132498577977,0.0,-0.010000000000001563,1.0
1635111693.5,29.309999999999988,1.0840344679840707e-14,0.0,0.0,1.0
1635111701.0,29.326000000000004,0.007701320979389328,0.010000000000001563,-0.010000000000001563,1.0
1635111708.5,29.33100000000001,0.008847364696279732,0.010000000000001563,-0.010000000000001563,1.0
1635111716.0,29.331000000000007,0.004025778999365117,0.010000000000001563,0.0,1.0
1635111723.5,29.345000000000013,0.008610338613231534,0.0,-0.010000000000001563,1.0
1635111731.0,29.330000000000005,7.226896453227138e-15,0.0,0.0,1.0
1635111738.5,29.332666666666675,0.00639683829949592,0.010000000000001563,-0.010000000000001563,1.0
1635111746.0,29.349666666666675,0.0018257418583508388,0.010000000000001563,0.0,1.0
1635111753.5,29.36066666666667,0.00980265035707102,0.010000000000001563,-0.010000000000001563,1.0
1635111761.0,29.35000000000001,7.226896453227138e-15,0.0,0.0,1.0
1635111768.5,29.36066666666667,0.00980265035707102,0.010000000000001563,-0.010000000000001563,1.0
1635111776.0,29.35266666666667,0.006396838299494644,0.010000000000001563,-0.010000000000001563,1.0
1635111783.5,29.35000000000001,7.226896453227138e-15,0.0,0.0,1.0
1635111791.0,29.35000000000001,7.226896453227138e-15,0.0,0.0,1.0
1635111798.5,29.352333333333338,0.006260623155792718,0.010000000000001563,0.0,1.0
1635111806.0,29.353000000000005,0.007022132498577854,0.0,-0.010000000000001563,1.0
1635111813.5,29.35000000000001,7.226896453227138e-15,0.0,0.0,1.0
1635111821.0,29.35000000000001,7.226896453227138e-15,0.0,0.0,1.0
1635111828.5,29.35000000000001,7.226896453227138e-15,0.0,0.0,1.0
1635111836.0,29.355333333333338,0.008603661343041275,0.010000000000001563,-0.010000000000001563,1.0
1635111843.5,29.35000000000001,7.226896453227138e-15,0.0,0.0,1.0
1635111851.0,29.369666666666667,0.0018257418583508393,0.010000000000001563,0.0,1.0
1635111858.5,29.377666666666663,0.00971430986184558,0.010000000000001563,0.0,1.0
1635111866.0,29.37566666666667,0.00897634182970297,0.0,-0.010000000000001563,1.0
1635111873.5,29.36733333333333,0.006396838299494925,0.010000000000001563,-0.010000000000001563,1.0
1635111881.0,29.381666666666664,0.009855274566525523,0.010000000000001563,0.0,1.0
1635111888.5,29.40333333333333,0.009222660747548128,0.010000000000001563,-0.010000000000001563,1.0
1635111896.0,29.401666666666657,0.009855274566525542,0.010000000000001563,0.0,1.0
1635111903.5,29.409999999999993,7.226896453227138e-15,0.0,0.0,1.0
1635111911.0,29.409999999999993,7.226896453227138e-15,0.0,0.0,1.0
1635111918.5,29.412333333333326,0.006260623155792868,0.010000000000001563,0.0,1.0
1635111926.0,29.42999999999999,1.0840344679840707e-14,0.0,0.0,1.0
1635111933.5,29.42999999999999,1.0840344679840707e-14,0.0,0.0,1.0
1635111941.0,29.441666666666674,0.009855274566525546,0.010000000000001563,0.0,1.0
1635111948.5,29.447666666666667,0.006260623155792868,0.0,-0.010000000000001563,1.0
1635111956.0,29.443333333333328,0.00922266074754813,0.010000000000001563,-0.010000000000001563,1.0
1635111963.5,29.42999999999999,1.0840344679840707e-14,0.0,0.0,1.0
1635111971.0,29.43900000000001,0.009948141396330016,0.010000000000001563,0.0,1.0
1635111978.5,29.436666666666675,0.00922266074754804,0.010000000000001563,-0.010000000000001563,1.0
1635111986.0,29.450000000000006,7.226896453227138e-15,0.0,0.0,1.0
1635111993.5,29.447666666666667,0.006260623155792868,0.0,-0.010000000000001563,1.0
1635112001.0,29.433666666666674,0.007648904962570362,0.010000000000001563,0.0,1.0
1635112008.5,29.450000000000006,7.226896453227138e-15,0.0,0.0,1.0
1635112016.0,29.450000000000006,7.226896453227138e-15,0.0,0.0,1.0
1635112023.5,29.450000000000006,7.226896453227138e-15,0.0,0.0,1.0
1635112031.0,29.450000000000006,7.226896453227138e-15,0.0,0.0,1.0
1635112038.5,29.460666666666675,0.009802650357071004,0.010000000000001563,-0.010000000000001563,1.0
1635112046.0,29.46166666666667,0.009855274566525523,0.010000000000001563,0.0,1.0
1635112053.5,29.449333333333332,0.008683449709106051,0.0,-0.010000000000001563,1.0
1635112061.0,29.44700000000001,0.007022132498577977,0.010000000000001563,0.0,1.0
1635112068.5,29.450000000000006,7.226896453227138e-15,0.0,0.0,1.0
1635112076.0,29.451000000000008,0.004025778999364539,0.010000000000001563,0.0,1.0
1635112083.5,29.464666666666673,0.008603661343041275,0.010000000000001563,-0.010000000000001563,1.0
1635112091.0,29.45300000000001,0.007022132498577977,0.0,-0.010000000000001563,1.0
1635112098.5,29.452666666666673,0.006396838299494924,0.010000000000001563,-0.010000000000001563,1.0
1635112106.0,29.466000000000008,0.0077013209793893285,0.010000000000001563,-0.010000000000001563,1.0
1635112113.5,29.463000000000005,0.009523111632886046,0.010000000000001563,0.0,1.0
1635112121.0,29.470000000000006,7.226896453227138e-15,0.0,0.0,1.0
1635112128.5,29.478000000000005,0.009247553264475189,0.010000000000001563,-0.010000000000001563,1.0
1635112136.0,29.48166666666667,0.009855274566525544,0.010000000000001563,0.0,1.0
1635112143.5,29.479333333333333,0.009802650357071,0.010000000000001563,-0.010000000000001563,1.0
1635112151.0,29.479333333333333,0.009444331755018267,0.010000000000001563,-0.010000000000001563,1.0
1635112158.5,29.48766666666667,0.006260623155792868,0.0,-0.010000000000001563,1.0
1635112166.0,29.476333333333333,0.009278574999588268,0.010000000000001563,0.0,1.0
1635112173.5,29.477000000000007,0.009523111632886046,0.0,-0.010000000000001563,1.0
1635112181.0,29.476333333333333,0.008899179866641974,0.010000000000001563,-0.010000000000001563,1.0
1635112188.5,29.482333333333333,0.00971430986184558,0.0,-0.010000000000001563,1.0
1635112196.0,29.490666666666662,0.011426929274468214,0.010000000000001563,0.0,1.0
1635112203.5,29.497000000000003,0.009153857298882368,0.010000000000001563,-0.010000000000001563,1.0
1635112211.0,29.490000000000002,3.613448226613569e-15,0.0,0.0,1.0
1635112218.5,29.490000000000002,3.613448226613569e-15,0.0,0.0,1.0
1635112226.0,29.492666666666665,0.00639683829949592,0.010000000000001563,-0.010000000000001563,1.0
1635112233.5,29.490000000000002,3.613448226613569e-15,0.0,0.0,1.0
1635112241.0,29.50066666666667,0.009802650357072753,0.010000000000001563,-0.010000000000001563,1.0
1635112248.5,29.49766666666666,0.00971430986184729,0.010000000000001563,0.0,1.0
1635112256.0,29.509999999999998,3.613448226613569e-15,0.0,0.0,1.0
1635112263.5,29.50766666666667,0.006260623155793905,0.0,-0.010000000000001563,1.0
1635112271.0,29.501666666666665,0.009855274566527284,0.010000000000001563,0.0,1.0
1635112278.5,29.509999999999998,3.613448226613569e-15,0.0,0.0,1.0
1635112286.0,29.507333333333335,0.00639683829949592,0.010000000000001563,-0.010000000000001563,1.0
1635112293.5,29.512666666666668,0.0063968382994949256,0.010000000000001563,-0.010000000000001563,1.0
1635112301.0,29.509999999999998,3.613448226613569e-15,0.0,0.0,1.0
1635112308.5,29.509999999999998,3.613448226613569e-15,0.0,0.0,1.0
1635112316.0,29.517999999999997,0.009247553264475296,0.010000000000001563,-0.010000000000001563,1.0
1635112323.5,29.525666666666666,0.007738543627276371,0.010000000000001563,-0.010000000000001563,1.0
1635112331.0,29.524666666666665,0.008193072487266547,0.010000000000001563,-0.010000000000001563,1.0
1635112338.5,29.529999999999994,7.226896453227138e-15,0.0,0.0,1.0
1635112346.0,29.529999999999994,7.226896453227138e-15,0.0,0.0,1.0
1635112353.5,29.514333333333337,0.008172001541568635,0.0,-0.010000000000001563,2.0
1635112361.0,29.502999999999997,0.011188047809744823,0.010000000000001563,-0.010000000000001563,2.0
1635112368.5,29.54266666666667,0.013628907749220999,0.010000000000001563,0.0,2.0
1635112376.0,29.588000000000005,0.017100110909097587,0.010000000000001563,0.0,2.0
1635112383.5,29.610000000000003,3.613448226613569e-15,0.0,0.0,2.0
1635112391.0,29.597333333333342,0.011426929274467182,0.0,-0.010000000000001563,2.0
1635112398.5,29.585666666666672,0.008172001541568635,0.010000000000001563,0.0,2.0
1635112406.0,29.59800000000001,0.009613209303008274,0.010000000000001563,-0.010000000000001563,2.0
1635112413.5,29.590000000000007,7.226896453227138e-15,0.0,0.0,2.0
1635112421.0,29.590000000000007,7.226896453227138e-15,0.0,0.0,2.0
1635112428.5,29.595333333333336,0.008603661343041408,0.010000000000001563,-0.010000000000001563,2.0
1635112436.0,29.596333333333337,0.009278574999588314,0.010000000000001563,0.0,2.0
1635112443.5,29.610000000000003,3.613448226613569e-15,0.0,0.0,2.0
1635112451.0,29.593000000000007,0.007022132498577974,0.0,-0.010000000000001563,2.0
1635112458.5,29.590000000000007,7.226896453227138e-15,0.0,0.0,2.0
1635112466.0,29.58100000000001,0.009948141396330032,0.0,-0.010000000000001563,2.0
1635112473.5,29.58033333333334,0.009643054793327815,0.010000000000001563,-0.010000000000001563,2.0
1635112481.0,29.589000000000006,0.004025778999364539,0.0,-0.010000000000001563,2.0
1635112488.5,29.585666666666672,0.008172001541568635,0.010000000000001563,0.0,2.0
1635112496.0,29.604333333333336,0.00897634182970291,0.010000000000001563,0.0,2.0
1635112503.5,29.599666666666675,0.00999425122114009,0.0,-0.010000000000001563,2.0
1635112511.0,29.583666666666673,0.009278574999588314,0.0,-0.010000000000001563,2.0
1635112518.5,29.556999999999995,0.009523111632886083,0.0,-0.010000000000001563,2.0
1635112526.0,29.548999999999992,0.004025778999364539,0.0,-0.010000000000001563,2.0
1635112533.5,29.540333333333326,0.00999425122114009,0.010000000000001563,0.0,2.0
1635112541.0,29.549999999999994,7.226896453227138e-15,0.0,0.0,2.0
1635112548.5,29.575666666666674,0.01869599502259891,0.010000000000001563,0.0,3.0
1635112556.0,29.621666666666663,0.009855274566525544,0.010000000000001563,0.0,3.0
1635112563.5,29.63,0.0,0.0,0.0,3.0
1635112571.0,29.63,0.0,0.0,0.0,3.0
1635112578.5,29.63,0.0,0.0,0.0,3.0
1635112586.0,29.63,0.0,0.0,0.0,3.0
1635112593.5,29.64333333333333,0.00922266074754804,0.010000000000001563,-0.010000000000001563,3.0
1635112601.0,29.63,0.0,0.0,0.0,3.0
1635112608.5,29.63266666666667,0.006396838299494925,0.010000000000001563,-0.010000000000001563,3.0
1635112616.0,29.630999999999997,0.004025778999364539,0.010000000000001563,0.0,3.0
1635112623.5,29.63933333333333,0.00980265035707102,0.010000000000001563,-0.010000000000001563,3.0
1635112631.0,29.64999999999999,7.226896453227138e-15,0.0,0.0,3.0
1635112638.5,29.64999999999999,7.226896453227138e-15,0.0,0.0,3.0
1635112646.0,29.64999999999999,7.226896453227138e-15,0.0,0.0,3.0
1635112653.5,29.66566666666666,0.00773854362727788,0.010000000000001563,-0.010000000000001563,3.0
1635112661.0,29.669999999999995,7.226896453227138e-15,0.0,0.0,3.0
1635112668.5,29.664999999999996,0.008610338613231534,0.0,-0.010000000000001563,3.0
1635112676.0,29.661666666666658,0.009855274566527284,0.010000000000001563,0.0,3.0
1635112683.5,29.669999999999995,7.226896453227138e-15,0.0,0.0,3.0
1635112691.0,29.676333333333346,0.009278574999588266,0.010000000000001563,0.0,3.0
1635112698.5,29.674333333333326,0.00817200154156855,0.0,-0.010000000000001563,3.0
1635112706.0,29.683333333333326,0.009222660747548128,0.010000000000001563,-0.010000000000001563,3.0
1635112713.5,29.68066666666666,0.009444331755018303,0.010000000000001563,-0.010000000000001563,3.0
1635112721.0,29.67533333333333,0.008193072487266546,0.010000000000001563,-0.010000000000001563,3.0
1635112728.5,29.68566666666668,0.008172001541568635,0.010000000000001563,0.0,3.0
1635112736.0,29.687333333333346,0.006396838299494922,0.010000000000001563,-0.010000000000001563,3.0
1635112743.5,29.690000000000012,1.0840344679840707e-14,0.0,0.0,3.0
1635112751.0,29.703333333333344,0.00922266074754804,0.010000000000001563,-0.010000000000001563,3.0
1635112758.5,29.70833333333334,0.005306686305052114,0.010000000000001563,0.0,3.0
1635112766.0,29.710000000000004,3.613448226613569e-15,0.0,0.0,3.0
1635112773.5,29.710000000000004,3.613448226613569e-15,0.0,0.0,3.0
1635112781.0,29.710000000000004,3.613448226613569e-15,0.0,0.0,3.0
1635112788.5,29.725666666666672,0.008172001541568635,0.010000000000001563,0.0,3.0
1635112796.0,29.716666666666672,0.009222660747548041,0.010000000000001563,-0.010000000000001563,3.0
1635112803.5,29.714333333333343,0.00817200154156855,0.0,-0.010000000000001563,3.0
1635112811.0,29.710000000000004,3.613448226613569e-15,0.0,0.0,3.0
1635112818.5,29.720333333333336,0.00999425122114009,0.010000000000001563,0.0,3.0
1635112826.0,29.730000000000004,3.613448226613569e-15,0.0,0.0,3.0
1635112833.5,29.730000000000004,3.613448226613569e-15,0.0,0.0,3.0
1635112841.0,29.738999999999997,0.009595257449242193,0.010000000000001563,-0.010000000000001563,3.0
1635112848.5,29.733999999999998,0.00770132097938952,0.010000000000001563,-0.010000000000001563,3.0
1635112856.0,29.743666666666673,0.009278574999588266,0.0,-0.010000000000001563,3.0
1635112863.5,29.740333333333336,0.009994251221140085,0.010000000000001563,0.0,3.0
1635112871.0,29.739333333333335,0.009802650357071018,0.010000000000001563,-0.010000000000001563,3.0
1635112878.5,29.74233333333334,0.009714309861845549,0.0,-0.010000000000001563,3.0
1635112886.0,29.739,0.00994814139633003,0.010000000000001563,0.0,3.0
1635112893.5,29.745000000000005,0.008610338613229969,0.0,-0.010000000000001563,3.0
1635112901.0,29.749666666666666,0.0018257418583501907,0.010000000000001563,0.0,3.0
1635112908.5,29.75,0.0,0.0,0.0,3.0
1635112916.0,29.75,0.0,0.0,0.0,3.0
1635112923.5,29.76333333333333,0.009222660747548128,0.010000000000001563,-0.010000000000001563,3.0
1635112931.0,29.766999999999996,0.007022132498577977,0.010000000000001563,0.0,3.0
1635112938.5,29.759666666666664,0.009643054793327804,0.010000000000001563,-0.010000000000001563,3.0
1635112946.0,29.761666666666663,0.00949894125981775,0.010000000000001563,-0.010000000000001563,3.0
1635112953.5,29.769999999999996,3.613448226613569e-15,0.0,0.0,3.0
1635112961.0,29.769999999999996,3.613448226613569e-15,0.0,0.0,3.0
1635112968.5,29.783333333333328,0.009222660747548041,0.010000000000001563,-0.010000000000001563,3.0
1635112976.0,29.78166666666666,0.009855274566525525,0.010000000000001563,0.0,3.0
1635112983.5,29.789999999999996,3.613448226613569e-15,0.0,0.0,3.0
1635112991.0,29.79266666666666,0.006396838299494644,0.010000000000001563,-0.010000000000001563,3.0
1635112998.5,29.787333333333326,0.006396838299494642,0.010000000000001563,-0.010000000000001563,3.0
1635113006.0,29.789999999999996,0.009826073688809892,0.010000000000001563,-0.010000000000001563,3.0
1635113013.5,29.776666666666657,0.00922266074754813,0.010000000000001563,-0.010000000000001563,3.0
1635113021.0,29.776666666666664,0.009222660747548128,0.010000000000001563,-0.010000000000001563,3.0
1635113028.5,29.784999999999993,0.008200084103857724,0.010000000000001563,-0.010000000000001563,3.0
1635113036.0,29.75566666666667,0.008976341829702911,0.0,-0.010000000000001563,3.0
1635113043.5,29.75,0.00982607368880989,0.010000000000001563,-0.010000000000001563,3.0
1635113051.0,29.75,0.0,0.0,0.0,3.0
1635113058.5,29.754999999999995,0.008610338613229969,0.010000000000001563,0.0,3.0
1635113066.0,29.769999999999996,3.613448226613569e-15,0.0,0.0,3.0
1635113073.5,29.754333333333328,0.00817200154156855,0.0,-0.010000000000001563,3.0
1635113081.0,29.766000000000002,0.00770132097938952,0.010000000000001563,-0.010000000000001563,3.0
1635113088.5,29.752333333333333,0.006260623155792718,0.010000000000001563,0.0,3.0
1635113096.0,29.750333333333334,0.0018257418583501907,0.0,-0.010000000000001563,3.0
1635113103.5,29.75766666666666,0.009714309861845549,0.010000000000001563,0.0,3.0
1635113111.0,29.761999999999997,0.009613209303008274,0.010000000000001563,-0.010000000000001563,3.0
1635113118.5,29.761999999999997,0.009613209303008274,0.010000000000001563,-0.010000000000001563,3.0
1635113126.0,29.75566666666667,0.008976341829702911,0.0,-0.010000000000001563,3.0
1635113133.5,29.75,0.0,0.0,0.0,3.0
1635113141.0,29.75,0.0,0.0,0.0,3.0
1635113148.5,29.736666666666668,0.009222660747548128,0.010000000000001563,-0.010000000000001563,3.0
1635113156.0,29.733000000000004,0.007022132498577977,0.0,-0.010000000000001563,3.0
1635113163.5,29.748333333333335,0.005306686305052115,0.010000000000001563,0.0,3.0
1635113171.0,29.75,0.0,0.0,0.0,3.0
1635113178.5,29.74466666666667,0.008603661343041278,0.010000000000001563,-0.010000000000001563,3.0
1635113186.0,29.75,0.0,0.0,0.0,3.0
1635113193.5,29.73966666666667,0.009994251221140088,0.0,-0.010000000000001563,3.0
1635113201.0,29.741666666666667,0.009855274566525525,0.010000000000001563,0.0,3.0
1635113208.5,29.73166666666667,0.005306686305052308,0.0,-0.010000000000001563,3.0
1635113216.0,29.730000000000004,3.613448226613569e-15,0.0,0.0,3.0
1635113223.5,29.730000000000004,3.613448226613569e-15,0.0,0.0,3.0
1635113231.0,29.731,0.004025778999364539,0.010000000000001563,0.0,3.0
1635113238.5,29.75,0.0,0.0,0.0,3.0
1635113246.0,29.733999999999998,0.00770132097938952,0.010000000000001563,-0.010000000000001563,3.0
1635113253.5,29.74233333333334,0.009714309861845549,0.0,-0.010000000000001563,3.0
1635113261.0,29.730000000000004,3.613448226613569e-15,0.0,0.0,3.0
1635113268.5,29.73766666666667,0.00971430986184558,0.010000000000001563,0.0,3.0
1635113276.0,29.746333333333336,0.007648904962570363,0.0,-0.010000000000001563,3.0
1635113283.5,29.73266666666667,0.006396838299494925,0.010000000000001563,-0.010000000000001563,3.0
1635113291.0,29.735333333333337,0.00860366134304141,0.010000000000001563,-0.010000000000001563,3.0
1635113298.5,29.72500000000001,0.013326147488923737,0.010000000000001563,-0.010000000000001563,3.0
1635113306.0,29.723333333333343,0.00922266074754813,0.010000000000001563,-0.010000000000001563,3.0
1635113313.5,29.715,0.008610338613229969,0.010000000000001563,0.0,3.0
1635113321.0,29.713000000000008,0.007022132498577853,0.0,-0.010000000000001563,3.0
1635113328.5,29.689000000000004,0.013733924772444615,0.010000000000001563,-0.010000000000001563,3.0
1635113336.0,29.69800000000001,0.009613209303008274,0.010000000000001563,-0.010000000000001563,3.0
1635113343.5,29.690000000000012,1.0840344679840707e-14,0.0,0.0,3.0
1635113351.0,29.699000000000012,0.009595257449242193,0.010000000000001563,-0.010000000000001563,3.0
1635113358.5,29.69700000000001,0.008769067893689527,0.010000000000001563,-0.010000000000001563,3.0
1635113366.0,29.692666666666682,0.006396838299494924,0.010000000000001563,-0.010000000000001563,3.0
1635113373.5,29.692666666666682,0.006396838299494924,0.010000000000001563,-0.010000000000001563,3.0
1635113381.0,29.690000000000012,1.0840344679840707e-14,0.0,0.0,3.0
1635113388.5,29.68499999999999,0.00861033861323004,0.0,-0.010000000000001563,3.0
1635113396.0,29.676333333333343,0.008899179866641974,0.010000000000001563,-0.010000000000001563,3.0
1635113403.5,29.674666666666663,0.016553639735894306,0.0,-0.010000000000001563,3.0
1635113411.0,29.668666666666656,0.0043417248545537255,0.010000000000001563,-0.010000000000001563,3.0
1635113418.5,29.668333333333326,0.005306686305053153,0.010000000000001563,0.0,3.0
1635113426.0,29.669999999999995,7.226896453227138e-15,0.0,0.0,3.0
1635113433.5,29.669999999999995,7.226896453227138e-15,0.0,0.0,3.0
1635113441.0,29.658333333333328,0.009855274566527284,0.0,-0.010000000000001563,3.0
1635113448.5,29.657999999999994,0.009613209303009957,0.010000000000001563,-0.010000000000001563,3.0
1635113456.0,29.653666666666656,0.007648904962571771,0.010000000000001563,0.0,3.0
1635113463.5,29.664666666666662,0.008603661343042872,0.010000000000001563,-0.010000000000001563,3.0
1635113471.0,29.669999999999995,7.226896453227138e-15,0.0,0.0,3.0
1635113478.5,29.675000000000015,0.008610338613229969,0.010000000000001563,0.0,3.0
1635113486.0,29.696333333333346,0.009278574999588313,0.010000000000001563,0.0,3.0
1635113493.5,29.710000000000004,3.613448226613569e-15,0.0,0.0,3.0
1635113501.0,29.71533333333334,0.008193072487266547,0.010000000000001563,-0.010000000000001563,3.0
1635113508.5,29.720333333333336,0.00999425122114009,0.010000000000001563,0.0,3.0
1635113516.0,29.72466666666667,0.008603661343041412,0.010000000000001563,-0.010000000000001563,3.0
1635113523.5,29.72500000000001,0.00861033861323004,0.0,-0.010000000000001563,4.0
1635113531.0,29.735333333333323,0.031043166090453777,0.019999999999999574,0.0,4.0
1635113538.5,29.81600000000001,0.016103115997457687,0.010000000000001563,0.0,4.0
1635113546.0,29.830000000000005,7.226896453227138e-15,0.0,0.0,4.0
1635113553.5,29.77766666666666,0.016954977569074044,0.0,-0.019999999999999574,4.0
1635113561.0,29.785333333333323,0.010416609195243415,0.010000000000001563,0.0,4.0
1635113568.5,29.81500000000001,0.00861033861323004,0.010000000000001563,0.0,4.0
1635113576.0,29.818333333333324,0.009855274566525546,0.0,-0.010000000000001563,4.0
1635113583.5,29.828333333333337,0.005306686305052114,0.010000000000001563,0.0,4.0
1635113591.0,29.843333333333344,0.009222660747549724,0.010000000000001563,-0.010000000000001563,4.0
1635113598.5,29.827666666666666,0.006260623155792718,0.0,-0.010000000000001563,4.0
1635113606.0,29.79833333333332,0.009498941259817687,0.010000000000001563,-0.010000000000001563,4.0
1635113613.5,29.805999999999987,0.007701320979389519,0.010000000000001563,-0.010000000000001563,4.0
1635113621.0,29.806999999999984,0.007022132498577975,0.010000000000001563,0.0,4.0
1635113628.5,29.820333333333338,0.009994251221140083,0.010000000000001563,0.0,4.0
1635113636.0,29.815666666666655,0.008976341829702967,0.0,-0.010000000000001563,4.0
1635113643.5,29.825666666666674,0.00817200154156855,0.010000000000001563,0.0,4.0
1635113651.0,29.831000000000007,0.004025778999365117,0.010000000000001563,0.0,4.0
1635113658.5,29.855333333333338,0.008603661343041275,0.010000000000001563,-0.010000000000001563,4.0
1635113666.0,29.867,0.007022132498577978,0.010000000000001563,0.0,4.0
1635113673.5,29.88033333333333,0.009994251221140086,0.010000000000001563,0.0,4.0
1635113681.0,29.884666666666664,0.008603661343041275,0.010000000000001563,-0.010000000000001563,4.0
1635113688.5,29.89233333333333,0.006260623155792718,0.010000000000001563,0.0,4.0
1635113696.0,29.909999999999993,7.226896453227138e-15,0.0,0.0,4.0
1635113703.5,29.909999999999993,7.226896453227138e-15,0.0,0.0,4.0
1635113711.0,29.92599999999999,0.007701320979389329,0.010000000000001563,-0.010000000000001563,4.0
1635113718.5,29.92299999999999,0.009523111632886046,0.010000000000001563,0.0,4.0
1635113726.0,29.930999999999994,0.004025778999364266,0.010000000000001563,0.0,4.0
1635113733.5,29.939666666666653,0.009994251221140086,0.0,-0.010000000000001563,4.0
1635113741.0,29.92999999999999,1.0840344679840707e-14,0.0,0.0,4.0
1635113748.5,29.932666666666655,0.006396838299494642,0.010000000000001563,-0.010000000000001563,4.0
1635113756.0,29.92999999999999,1.0840344679840707e-14,0.0,0.0,4.0
1635113763.5,29.92999999999999,1.0840344679840707e-14,0.0,0.0,4.0
1635113771.0,29.92999999999999,1.0840344679840707e-14,0.0,0.0,4.0
1635113778.5,29.911666666666665,0.005306686305052308,0.0,-0.010000000000001563,4.0
1635113786.0,29.909999999999993,7.226896453227138e-15,0.0,0.0,4.0
1635113793.5,29.909999999999993,7.226896453227138e-15,0.0,0.0,4.0
1635113801.0,29.909999999999993,7.226896453227138e-15,0.0,0.0,4.0
1635113808.5,29.904999999999994,0.00861033861323004,0.0,-0.010000000000001563,4.0
1635113816.0,29.886333333333333,0.007648904962570362,0.0,-0.010000000000001563,4.0
1635113823.5,29.885666666666665,0.00817200154156855,0.010000000000001563,0.0,4.0
1635113831.0,29.89533333333333,0.008603661343041278,0.010000000000001563,-0.010000000000001563,4.0
1635113838.5,29.87166666666667,0.005306686305052308,0.0,-0.010000000000001563,4.0
1635113846.0,29.87,0.0,0.0,0.0,4.0
1635113853.5,29.883,0.009523111632886048,0.010000000000001563,0.0,4.0
1635113861.0,29.85666666666667,0.017875688235283814,0.0,-0.020000000000003126,4.0
1635113868.5,29.771,0.019887615276329446,0.0,-0.010000000000001563,4.0
1635113876.0,29.747333333333337,0.006396838299494643,0.010000000000001563,-0.010000000000001563,4.0
1635113883.5,29.760666666666665,0.009802650357071018,0.010000000000001563,-0.010000000000001563,4.0
1635113891.0,29.76433333333333,0.00897634182970297,0.010000000000001563,0.0,5.0
1635113898.5,29.754333333333328,0.00817200154156855,0.0,-0.010000000000001563,5.0
1635113906.0,29.741000000000007,0.009948141396330018,0.0,-0.010000000000001563,5.0
1635113913.5,29.730000000000004,3.613448226613569e-15,0.0,0.0,5.0
1635113921.0,29.730000000000004,3.613448226613569e-15,0.0,0.0,5.0
1635113928.5,29.730000000000004,3.613448226613569e-15,0.0,0.0,5.0
1635113936.0,29.730000000000004,3.613448226613569e-15,0.0,0.0,5.0
1635113943.5,29.740666666666673,0.009802650357071003,0.010000000000001563,-0.010000000000001563,5.0
1635113951.0,29.730000000000004,3.613448226613569e-15,0.0,0.0,5.0
1635113958.5,29.745666666666672,0.00817200154156855,0.010000000000001563,0.0,5.0
1635113966.0,29.75,0.0,0.0,0.0,5.0
1635113973.5,29.75,0.0,0.0,0.0,5.0
1635113981.0,29.75,0.0,0.0,0.0,5.0
1635113988.5,29.752333333333333,0.006260623155792718,0.010000000000001563,0.0,5.0
1635113996.0,29.769999999999996,3.613448226613569e-15,0.0,0.0,5.0
1635114003.5,29.769999999999996,3.613448226613569e-15,0.0,0.0,5.0
1635114011.0,29.761999999999997,0.009247553264475294,0.010000000000001563,-0.010000000000001563,5.0
1635114018.5,29.769999999999996,3.613448226613569e-15,0.0,0.0,5.0
1635114026.0,29.76733333333333,0.006396838299494924,0.010000000000001563,-0.010000000000001563,5.0
1635114033.5,29.754333333333328,0.007738543627276371,0.010000000000001563,-0.010000000000001563,5.0
1635114041.0,29.760666666666665,0.009802650357071018,0.010000000000001563,-0.010000000000001563,5.0
1635114048.5,29.75,0.0,0.0,0.0,5.0
1635114056.0,29.75,0.0,0.0,0.0,5.0
1635114063.5,29.754999999999995,0.008610338613229969,0.010000000000001563,0.0,5.0
1635114071.0,29.750333333333334,0.0018257418583501907,0.0,-0.010000000000001563,5.0
1635114078.5,29.75,0.0,0.0,0.0,5.0
1635114086.0,29.75,0.0,0.0,0.0,5.0
1635114093.5,29.742,0.009613209303008224,0.010000000000001563,-0.010000000000001563,5.0
1635114101.0,29.749000000000002,0.004025778999364266,0.0,-0.010000000000001563,5.0
1635114108.5,29.743,0.009523111632886048,0.010000000000001563,0.0,5.0
1635114116.0,29.75433333333333,0.010063019815944143,0.010000000000001563,-0.010000000000001563,5.0
1635114123.5,29.730000000000004,3.613448226613569e-15,0.0,0.0,5.0
1635114131.0,29.73433333333334,0.010063019815944456,0.010000000000001563,-0.010000000000001563,5.0
1635114138.5,29.710000000000004,3.613448226613569e-15,0.0,0.0,5.0
1635114146.0,29.72966666666667,0.0018257418583508393,0.010000000000001563,0.0,5.0
1635114153.5,29.72466666666667,0.008603661343041412,0.010000000000001563,-0.010000000000001563,5.0
1635114161.0,29.72100000000001,0.009948141396330032,0.0,-0.010000000000001563,5.0
1635114168.5,29.723333333333343,0.00922266074754813,0.010000000000001563,-0.010000000000001563,5.0
1635114176.0,29.72066666666667,0.00980265035707102,0.010000000000001563,-0.010000000000001563,5.0
1635114183.5,29.710000000000004,3.613448226613569e-15,0.0,0.0,5.0
1635114191.0,29.69833333333334,0.009498941259817751,0.010000000000001563,-0.010000000000001563,5.0
1635114198.5,29.703333333333344,0.009222660747548041,0.010000000000001563,-0.010000000000001563,5.0
1635114206.0,29.695333333333345,0.008193072487266825,0.010000000000001563,-0.010000000000001563,5.0
1635114213.5,29.690000000000012,1.0840344679840707e-14,0.0,0.0,5.0
1635114221.0,29.690000000000012,1.0840344679840707e-14,0.0,0.0,5.0
1635114228.5,29.67699999999999,0.009523111632886046,0.0,-0.010000000000001563,5.0
1635114236.0,29.679000000000013,0.009595257449242155,0.010000000000001563,-0.010000000000001563,5.0
1635114243.5,29.679666666666662,0.009994251221140083,0.0,-0.010000000000001563,5.0
1635114251.0,29.668999999999993,0.004025778999365117,0.0,-0.010000000000001563,5.0
1635114258.5,29.660666666666664,0.009444331755019962,0.010000000000001563,-0.010000000000001563,5.0
1635114266.0,29.669666666666657,0.001825741858350839,0.010000000000001563,0.0,5.0
1635114273.5,29.669999999999995,7.226896453227138e-15,0.0,0.0,5.0
1635114281.0,29.664666666666662,0.008603661343042872,0.010000000000001563,-0.010000000000001563,5.0
1635114288.5,29.65166666666666,0.005306686305053153,0.0,-0.010000000000001563,5.0
1635114296.0,29.64999999999999,7.226896453227138e-15,0.0,0.0,5.0
1635114303.5,29.64999999999999,7.226896453227138e-15,0.0,0.0,5.0
1635114311.0,29.65266666666666,0.0063968382994959196,0.010000000000001563,-0.010000000000001563,5.0
1635114318.5,29.64999999999999,7.226896453227138e-15,0.0,0.0,5.0
1635114326.0,29.64999999999999,7.226896453227138e-15,0.0,0.0,5.0
1635114333.5,29.642333333333333,0.009352607356657902,0.010000000000001563,-0.010000000000001563,5.0
1635114341.0,29.63,0.0,0.0,0.0,5.0
1635114348.5,29.637999999999995,0.009613209303008274,0.010000000000001563,-0.010000000000001563,5.0
1635114356.0,29.63,0.0,0.0,0.0,5.0
1635114363.5,29.63,0.0,0.0,0.0,5.0
1635114371.0,29.61033333333334,0.0018257418583501903,0.0,-0.010000000000001563,5.0
1635114378.5,29.56800000000001,0.018457780342511387,0.010000000000001563,-0.010000000000001563,5.0
1635114386.0,29.579000000000004,0.00994814139633002,0.010000000000001563,0.0,5.0
1635114393.5,29.587666666666674,0.006260623155792868,0.0,-0.010000000000001563,5.0
1635114401.0,29.57000000000001,1.0840344679840707e-14,0.0,0.0,5.0
1635114408.5,29.57000000000001,1.0840344679840707e-14,0.0,0.0,5.0
1635114416.0,29.58166666666667,0.00949894125981775,0.010000000000001563,-0.010000000000001563,5.0
1635114423.5,29.590000000000007,7.226896453227138e-15,0.0,0.0,5.0
1635114431.0,29.58733333333334,0.006396838299494924,0.010000000000001563,-0.010000000000001563,5.0
1635114438.5,29.584666666666674,0.008193072487266827,0.010000000000001563,-0.010000000000001563,5.0
1635114446.0,29.590000000000007,7.226896453227138e-15,0.0,0.0,5.0
1635114453.5,29.590000000000007,7.226896453227138e-15,0.0,0.0,5.0
1635114461.0,29.590000000000007,7.226896453227138e-15,0.0,0.0,5.0
1635114468.5,29.590000000000007,7.226896453227138e-15,0.0,0.0,5.0
1635114476.0,29.590000000000007,7.226896453227138e-15,0.0,0.0,5.0
1635114483.5,29.590000000000007,7.226896453227138e-15,0.0,0.0,5.0
1635114491.0,29.590000000000007,7.226896453227138e-15,0.0,0.0,5.0
1635114498.5,29.585000000000004,0.00861033861323004,0.0,-0.010000000000001563,5.0
1635114506.0,29.578000000000014,0.009613209303008222,0.010000000000001563,-0.010000000000001563,5.0
1635114513.5,29.577666666666673,0.00971430986184555,0.010000000000001563,0.0,5.0
1635114521.0,29.570333333333345,0.0018257418583501903,0.0,-0.010000000000001563,5.0
1635114528.5,29.57000000000001,1.0840344679840707e-14,0.0,0.0,5.0
1635114536.0,29.572666666666677,0.0063968382994946445,0.010000000000001563,-0.010000000000001563,5.0
1635114543.5,29.58300000000001,0.009523111632886088,0.010000000000001563,0.0,5.0
1635114551.0,29.572000000000003,0.008469010445797608,0.0,-0.010000000000001563,5.0
1635114558.5,29.557999999999993,0.009247553264475296,0.010000000000001563,-0.010000000000001563,5.0
1635114566.0,29.58033333333334,0.010333518722845346,0.010000000000001563,-0.010000000000001563,5.0
1635114573.5,29.577666666666673,0.009352607356657903,0.010000000000001563,-0.010000000000001563,5.0
1635114581.0,29.570333333333345,0.0018257418583501903,0.0,-0.010000000000001563,5.0
1635114588.5,29.57000000000001,1.0840344679840707e-14,0.0,0.0,5.0
1635114596.0,29.578000000000014,0.009613209303008222,0.010000000000001563,-0.010000000000001563,5.0
1635114603.5,29.572333333333344,0.006260623155792718,0.010000000000001563,0.0,5.0
1635114611.0,29.57400000000001,0.007239737088005554,0.010000000000001563,-0.010000000000001563,5.0
1635114618.5,29.579333333333338,0.009444331755018272,0.010000000000001563,-0.010000000000001563,5.0
1635114626.0,29.584666666666674,0.008193072487266827,0.010000000000001563,-0.010000000000001563,5.0
1635114633.5,29.59766666666667,0.00971430986184558,0.010000000000001563,0.0,5.0
1635114641.0,29.613666666666667,0.007648904962570362,0.010000000000001563,0.0,5.0
1635114648.5,29.637666666666664,0.009352607356657992,0.010000000000001563,-0.010000000000001563,5.0
1635114656.0,29.64999999999999,7.226896453227138e-15,0.0,0.0,5.0
1635114663.5,29.64999999999999,7.226896453227138e-15,0.0,0.0,5.0
1635114671.0,29.64999999999999,7.226896453227138e-15,0.0,0.0,5.0
1635114678.5,29.63966666666666,0.009994251221140086,0.0,-0.010000000000001563,5.0
1635114686.0,29.63,0.0,0.0,0.0,5.0
1635114693.5,29.637666666666664,0.00971430986184558,0.010000000000001563,0.0,5.0
1635114701.0,29.646333333333335,0.012726115785600836,0.010000000000001563,-0.010000000000001563,5.0
1635114708.5,29.642999999999997,0.008769067893689319,0.010000000000001563,-0.010000000000001563,5.0
1635114716.0,29.635666666666665,0.00897634182970297,0.0,-0.010000000000001563,5.0
1635114723.5,29.63,0.0,0.0,0.0,5.0
1635114731.0,29.63,0.0,0.0,0.0,5.0
1635114738.5,29.61966666666667,0.009994251221140086,0.0,-0.010000000000001563,5.0
1635114746.0,29.623333333333335,0.009222660747548128,0.010000000000001563,-0.010000000000001563,5.0
1635114753.5,29.622999999999994,0.009523111632886083,0.010000000000001563,0.0,5.0
1635114761.0,29.63,0.0,0.0,0.0,5.0
1635114768.5,29.619666666666664,0.009643054793327804,0.010000000000001563,-0.010000000000001563,5.0
1635114776.0,29.623333333333335,0.009222660747548128,0.010000000000001563,-0.010000000000001563,5.0
1635114783.5,29.61266666666667,0.006396838299494643,0.010000000000001563,-0.010000000000001563,5.0
1635114791.0,29.609000000000005,0.01093870067301342,0.010000000000001563,-0.010000000000001563,5.0
1635114798.5,29.592666666666673,0.006396838299494923,0.010000000000001563,-0.010000000000001563,5.0
1635114806.0,29.590000000000007,7.226896453227138e-15,0.0,0.0,5.0
1635114813.5,29.590000000000007,7.226896453227138e-15,0.0,0.0,5.0
1635114821.0,29.590000000000007,7.226896453227138e-15,0.0,0.0,5.0
1635114828.5,29.590000000000007,7.226896453227138e-15,0.0,0.0,5.0
1635114836.0,29.590000000000007,7.226896453227138e-15,0.0,0.0,5.0
1635114843.5,29.590000000000007,7.226896453227138e-15,0.0,0.0,5.0
1635114851.0,29.607000000000003,0.007022132498577852,0.010000000000001563,0.0,5.0
1635114858.5,29.615000000000002,0.008610338613229969,0.010000000000001563,0.0,6.0
1635114866.0,29.61033333333334,0.0018257418583501903,0.0,-0.010000000000001563,6.0
1635114873.5,29.610000000000003,3.613448226613569e-15,0.0,0.0,6.0
1635114881.0,29.58400000000001,0.009684683962229965,0.0,-0.010000000000001563,6.0
1635114888.5,29.57000000000001,1.0840344679840707e-14,0.0,0.0,6.0
1635114896.0,29.579000000000004,0.00994814139633002,0.010000000000001563,0.0,6.0
1635114903.5,29.60033333333333,0.009994251221140083,0.010000000000001563,0.0,6.0
1635114911.0,29.635999999999992,0.009684683962229967,0.010000000000001563,0.0,6.0
1635114918.5,29.64999999999999,7.226896453227138e-15,0.0,0.0,6.0
1635114926.0,29.668666666666656,0.0043417248545537255,0.010000000000001563,-0.010000000000001563,6.0
1635114933.5,29.660333333333323,0.009994251221141861,0.010000000000001563,0.0,6.0
1635114941.0,29.669999999999995,7.226896453227138e-15,0.0,0.0,6.0
1635114948.5,29.677666666666678,0.00971430986184555,0.010000000000001563,0.0,6.0
1635114956.0,29.680999999999994,0.009948141396330032,0.0,-0.010000000000001563,6.0
1635114963.5,29.667333333333325,0.00639683829949592,0.010000000000001563,-0.010000000000001563,6.0
1635114971.0,29.650333333333325,0.0018257418583508388,0.0,-0.010000000000001563,6.0
1635114978.5,29.644999999999996,0.008610338613229969,0.0,-0.010000000000001563,6.0
1635114986.0,29.63,0.0,0.0,0.0,6.0
1635114993.5,29.61166666666667,0.005306686305052114,0.0,-0.010000000000001563,6.0
1635115001.0,29.610000000000003,3.613448226613569e-15,0.0,0.0,6.0
1635115008.5,29.591666666666676,0.005306686305052306,0.0,-0.010000000000001563,6.0
1635115016.0,29.599,0.00994814139633003,0.010000000000001563,0.0,6.0
1635115023.5,29.610000000000003,3.613448226613569e-15,0.0,0.0,6.0
1635115031.0,29.610000000000003,3.613448226613569e-15,0.0,0.0,6.0
1635115038.5,29.57633333333333,0.01564329388837757,0.0,-0.010000000000001563,7.0
1635115046.0,29.531999999999993,0.008469010445797606,0.0,-0.010000000000001563,7.0
1635115053.5,29.499666666666666,0.009994251221141861,0.0,-0.010000000000001563,7.0
1635115061.0,29.470333333333336,0.00182574185835019,0.0,-0.010000000000001563,7.0
1635115068.5,29.470000000000006,7.226896453227138e-15,0.0,0.0,7.0
1635115076.0,29.466333333333342,0.007648904962570362,0.0,-0.010000000000001563,7.0
1635115083.5,29.450000000000006,7.226896453227138e-15,0.0,0.0,7.0
1635115091.0,29.45366666666667,0.007648904962570463,0.010000000000001563,0.0,7.0
1635115098.5,29.467666666666673,0.006260623155792718,0.0,-0.010000000000001563,7.0
1635115106.0,29.45633333333334,0.009278574999588314,0.010000000000001563,0.0,7.0
1635115113.5,29.467666666666673,0.006260623155792718,0.0,-0.010000000000001563,7.0
1635115121.0,29.451000000000008,0.004025778999364539,0.010000000000001563,0.0,7.0
1635115128.5,29.470000000000006,7.226896453227138e-15,0.0,0.0,7.0
1635115136.0,29.470000000000006,7.226896453227138e-15,0.0,0.0,7.0
1635115143.5,29.470000000000006,7.226896453227138e-15,0.0,0.0,7.0
1635115151.0,29.470000000000006,7.226896453227138e-15,0.0,0.0,7.0
1635115158.5,29.470000000000006,7.226896453227138e-15,0.0,0.0,7.0
1635115166.0,29.470000000000006,7.226896453227138e-15,0.0,0.0,7.0
1635115173.5,29.46500000000001,0.00861033861322997,0.0,-0.010000000000001563,7.0
1635115181.0,29.45633333333334,0.008899179866642125,0.010000000000001563,-0.010000000000001563,7.0
1635115188.5,29.470000000000006,7.226896453227138e-15,0.0,0.0,7.0
1635115196.0,29.483333333333338,0.009222660747548128,0.010000000000001563,-0.010000000000001563,7.0
1635115203.5,29.470000000000006,7.226896453227138e-15,0.0,0.0,7.0
1635115211.0,29.470000000000006,7.226896453227138e-15,0.0,0.0,7.0
1635115218.5,29.470000000000006,7.226896453227138e-15,0.0,0.0,7.0
1635115226.0,29.470000000000006,7.226896453227138e-15,0.0,0.0,7.0
1635115233.5,29.470000000000006,7.226896453227138e-15,0.0,0.0,7.0
1635115241.0,29.464666666666677,0.008603661343041276,0.010000000000001563,-0.010000000000001563,7.0
1635115248.5,29.470000000000006,7.226896453227138e-15,0.0,0.0,7.0
1635115256.0,29.45300000000001,0.00651258728182963,0.010000000000001563,-0.010000000000001563,7.0
1635115263.5,29.452666666666676,0.0063968382994949256,0.010000000000001563,-0.010000000000001563,7.0
1635115271.0,29.450000000000006,7.226896453227138e-15,0.0,0.0,7.0
1635115278.5,29.457666666666675,0.00971430986184558,0.010000000000001563,0.0,7.0
1635115286.0,29.45300000000001,0.007022132498577977,0.0,-0.010000000000001563,7.0
1635115293.5,29.43699999999999,0.00952311163288605,0.0,-0.010000000000001563,7.0
1635115301.0,29.44433333333334,0.008976341829702968,0.010000000000001563,0.0,7.0
1635115308.5,29.434333333333324,0.00817200154156855,0.0,-0.010000000000001563,7.0
1635115316.0,29.42999999999999,1.0840344679840707e-14,0.0,0.0,7.0
1635115323.5,29.42999999999999,1.0840344679840707e-14,0.0,0.0,7.0
1635115331.0,29.43900000000001,0.009948141396330016,0.010000000000001563,0.0,7.0
1635115338.5,29.431666666666654,0.005306686305052114,0.0,-0.010000000000001563,7.0
1635115346.0,29.42999999999999,1.0840344679840707e-14,0.0,0.0,7.0
1635115353.5,29.421999999999986,0.009613209303008222,0.010000000000001563,-0.010000000000001563,7.0
1635115361.0,29.42999999999999,1.0840344679840707e-14,0.0,0.0,7.0
1635115368.5,29.427666666666656,0.006260623155792718,0.0,-0.010000000000001563,7.0
1635115376.0,29.429666666666655,0.0018257418583501903,0.010000000000001563,0.0,7.0
1635115383.5,29.419666666666657,0.009994251221140088,0.0,-0.010000000000001563,7.0
1635115391.0,29.429666666666655,0.0018257418583501903,0.010000000000001563,0.0,7.0
1635115398.5,29.42999999999999,1.0840344679840707e-14,0.0,0.0,7.0
1635115406.0,29.42366666666666,0.009278574999588266,0.0,-0.010000000000001563,7.0
1635115413.5,29.425666666666658,0.00817200154156855,0.010000000000001563,0.0,7.0
1635115421.0,29.42366666666666,0.009278574999588266,0.0,-0.010000000000001563,7.0
1635115428.5,29.428333333333324,0.0053066863050521135,0.010000000000001563,0.0,7.0
1635115436.0,29.42199999999999,0.009613209303008222,0.010000000000001563,-0.010000000000001563,7.0
1635115443.5,29.419333333333324,0.00980265035707102,0.010000000000001563,-0.010000000000001563,7.0
1635115451.0,29.42999999999999,1.0840344679840707e-14,0.0,0.0,7.0
1635115458.5,29.42999999999999,1.0840344679840707e-14,0.0,0.0,7.0
1635115466.0,29.42999999999999,1.0840344679840707e-14,0.0,0.0,7.0
1635115473.5,29.419333333333324,0.00980265035707102,0.010000000000001563,-0.010000000000001563,7.0
1635115481.0,29.42999999999999,1.0840344679840707e-14,0.0,0.0,7.0
1635115488.5,29.42999999999999,1.0840344679840707e-14,0.0,0.0,7.0
1635115496.0,29.410333333333327,0.0018257418583508388,0.0,-0.010000000000001563,7.0
1635115503.5,29.415333333333326,0.008603661343041408,0.010000000000001563,-0.010000000000001563,7.0
1635115511.0,29.410999999999994,0.004025778999364539,0.010000000000001563,0.0,7.0
1635115518.5,29.409333333333333,0.008683449709106051,0.0,-0.010000000000001563,7.0
1635115526.0,29.378333333333337,0.009855274566525544,0.0,-0.010000000000001563,7.0
1635115533.5,29.37,0.0,0.0,0.0,7.0
1635115541.0,29.372666666666667,0.006396838299494925,0.010000000000001563,-0.010000000000001563,7.0
1635115548.5,29.37,0.0,0.0,0.0,7.0
1635115556.0,29.36366666666667,0.009278574999588314,0.0,-0.010000000000001563,7.0
1635115563.5,29.363000000000003,0.009523111632886085,0.010000000000001563,0.0,7.0
1635115571.0,29.361000000000004,0.00994814139633003,0.0,-0.010000000000001563,7.0
1635115578.5,29.365666666666666,0.008172001541568635,0.010000000000001563,0.0,7.0
1635115586.0,29.358333333333338,0.009498941259817685,0.010000000000001563,-0.010000000000001563,7.0
1635115593.5,29.363000000000003,0.009523111632886085,0.010000000000001563,0.0,7.0
1635115601.0,29.369000000000003,0.004025778999364539,0.0,-0.010000000000001563,7.0
1635115608.5,29.357666666666667,0.00971430986184555,0.010000000000001563,0.0,7.0
1635115616.0,29.37,0.0,0.0,0.0,7.0
1635115623.5,29.37,0.0,0.0,0.0,7.0
1635115631.0,29.37,0.0,0.0,0.0,7.0
1635115638.5,29.38066666666667,0.009802650357071003,0.010000000000001563,-0.010000000000001563,7.0
1635115646.0,29.37,0.0,0.0,0.0,7.0
1635115653.5,29.375333333333337,0.008603661343041408,0.010000000000001563,-0.010000000000001563,7.0
1635115661.0,29.36733333333333,0.006396838299494925,0.010000000000001563,-0.010000000000001563,7.0
1635115668.5,29.37,0.0,0.0,0.0,7.0
1635115676.0,29.37,0.0,0.0,0.0,7.0
1635115683.5,29.362000000000005,0.009247553264475296,0.010000000000001563,-0.010000000000001563,7.0
1635115691.0,29.375333333333334,0.00860366134304141,0.010000000000001563,-0.010000000000001563,7.0
1635115698.5,29.36733333333333,0.006396838299494925,0.010000000000001563,-0.010000000000001563,7.0
1635115706.0,29.36733333333333,0.006396838299494924,0.010000000000001563,-0.010000000000001563,7.0
1635115713.5,29.359666666666673,0.009994251221140086,0.0,-0.010000000000001563,7.0
1635115721.0,29.364333333333335,0.00897634182970297,0.010000000000001563,0.0,7.0
1635115728.5,29.36466666666667,0.00860366134304141,0.010000000000001563,-0.010000000000001563,7.0
1635115736.0,29.377000000000006,0.015346570997434673,0.010000000000001563,-0.010000000000001563,7.0
1635115743.5,29.362666666666666,0.017207322686082757,0.010000000000001563,0.0,7.0
1635115751.0,29.383666666666667,0.009278574999588268,0.0,-0.010000000000001563,7.0
1635115758.5,29.37,0.0,0.0,0.0,7.0
1635115766.0,29.37,0.0,0.0,0.0,7.0
1635115773.5,29.362333333333336,0.00971430986184558,0.0,-0.010000000000001563,7.0
1635115781.0,29.363333333333337,0.009222660747548128,0.010000000000001563,-0.010000000000001563,7.0
1635115788.5,29.358000000000008,0.009613209303008224,0.010000000000001563,-0.010000000000001563,7.0
1635115796.0,29.351000000000006,0.004025778999364266,0.010000000000001563,0.0,7.0
1635115803.5,29.36733333333333,0.006396838299494925,0.010000000000001563,-0.010000000000001563,7.0
1635115811.0,29.37,0.0,0.0,0.0,7.0
1635115818.5,29.37,0.0,0.0,0.0,7.0
1635115826.0,29.36366666666667,0.009278574999588314,0.0,-0.010000000000001563,7.0
1635115833.5,29.35000000000001,7.226896453227138e-15,0.0,0.0,7.0
1635115841.0,29.349000000000007,0.004025778999365117,0.0,-0.010000000000001563,7.0
1635115848.5,29.330000000000005,7.226896453227138e-15,0.0,0.0,7.0
1635115856.0,29.341666666666676,0.009498941259819406,0.010000000000001563,-0.010000000000001563,7.0
1635115863.5,29.347333333333335,0.006396838299495921,0.010000000000001563,-0.010000000000001563,7.0
1635115871.0,29.35000000000001,7.226896453227138e-15,0.0,0.0,7.0
1635115878.5,29.337000000000003,0.009153857298882368,0.010000000000001563,-0.010000000000001563,7.0
1635115886.0,29.330000000000005,7.226896453227138e-15,0.0,0.0,7.0
1635115893.5,29.324666666666666,0.008193072487266547,0.010000000000001563,-0.010000000000001563,7.0
1635115901.0,29.318333333333324,0.009498941259817753,0.010000000000001563,-0.010000000000001563,7.0
1635115908.5,29.312666666666665,0.006396838299494925,0.010000000000001563,-0.010000000000001563,7.0
1635115916.0,29.312666666666654,0.006396838299494923,0.010000000000001563,-0.010000000000001563,7.0
1635115923.5,29.317666666666675,0.00971430986184558,0.010000000000001563,0.0,7.0
1635115931.0,29.313000000000006,0.006512587281829629,0.010000000000001563,-0.010000000000001563,7.0
1635115938.5,29.309999999999988,1.0840344679840707e-14,0.0,0.0,7.0
1635115946.0,29.323333333333323,0.00922266074754804,0.010000000000001563,-0.010000000000001563,7.0
1635115953.5,29.325666666666674,0.007738543627276371,0.010000000000001563,-0.010000000000001563,7.0
1635115961.0,29.318333333333324,0.009855274566525546,0.0,-0.010000000000001563,7.0
1635115968.5,29.309999999999988,1.0840344679840707e-14,0.0,0.0,7.0
1635115976.0,29.309999999999988,1.0840344679840707e-14,0.0,0.0,7.0
1635115983.5,29.309999999999988,1.0840344679840707e-14,0.0,0.0,7.0
1635115991.0,29.31799999999999,0.009613209303008274,0.010000000000001563,-0.010000000000001563,7.0
1635115998.5,29.317666666666675,0.00971430986184558,0.010000000000001563,0.0,7.0
1635116006.0,29.312999999999988,0.007022132498577977,0.0,-0.010000000000001563,7.0
