block,start_time,end_time
1,1624704697.67,1624705746.61
2,1624705746.61,1624705930.89
3,1624705930.89,1624706889.88
4,1624706889.88,1624707261.5
5,1624707261.5,1624708228.66
6,1624708228.66,1624708409.41
7,1624708409.41,1624709364.08
8,1624709364.08,
9,,
10,,
11,,
12,,
13,,
14,,
15,,
16,,
17,,
18,,
19,,
20,,
21,,
22,,
23,,
24,,
25,,
26,,
27,,
28,,
29,,
30,,
31,,
32,,
33,,
34,,
35,,
36,,
37,,
38,,
39,,
40,,
41,,
42,,
43,,
44,,
45,,
46,,
47,,
48,,
49,,
50,,
51,,
52,,
53,,
54,,
55,,
56,,
57,,
58,,
59,,
60,,
61,,
62,,
63,,
64,,
65,,
66,,
67,,
68,,
69,,
70,,
